id,name,contact,wallet_no,amount
1,Willy Steinor,7009764835,11836,194146
2,Veronique Brahams,3126656411,11410,175581
3,Gusti Raper,5503572993,12894,159571
4,Norman Gravell,1442294188,17166,68659
5,Gusta Flury,5658679523,10911,98179
6,Peri Sannes,3475532577,18976,160353
7,Milton Dwire,1093445863,19560,132796
8,Gibby Van Der Straaten,9886939381,18398,177706
9,Karena Odgaard,1816854404,16228,91942
10,Irina McKane,8356697593,19426,167457
11,Irving MacVicar,8725973741,18940,194137
12,Loralee Daykin,5747130092,12761,138629
13,Mark Eley,2021157435,12105,90725
14,Binky Shearwood,5659563301,11548,68159
15,Dorolisa Watsam,1918605035,11779,132057
16,Constantine Biggar,4305501051,16037,189784
17,Darrin Khomishin,3931822760,14565,67270
18,Augy Rait,4512364322,19641,85624
19,Belita Woolard,1842830210,10571,75065
20,Denise Illingworth,1927665025,16306,63333
21,Noah Strafen,7489481110,11863,188888
22,Georgina Mompesson,9513108703,12371,111468
23,Kevan Elsmore,8167287106,18486,189487
24,Sophi Feldstern,9152115927,16970,70224
25,Garek Esson,5249501279,10694,93585
26,Hewitt Shepland,1106123191,15320,74972
27,Hale Van Der Straaten,1416122030,19685,86573
28,Rana Metzing,4904841561,16574,129952
29,Dina Pedel,2043555947,13802,83081
30,Angelique Hamblett,9913887264,16889,107941
31,Christyna Giabucci,8048989972,12597,99530
32,Norman Iglesias,6159626549,13261,181457
33,Mil Chevers,6598137031,18450,66764
34,Viviana Garfield,5416271439,13186,107173
35,Fallon Christiensen,5498161745,17348,194040
36,Lucy Vitte,4997402471,10230,141199
37,Giles Pollington,5356493921,15424,189103
38,Quincy Garretson,4946968848,11047,185408
39,Gilberta O'Dare,7184304281,13802,86014
40,Oralle Bouldon,6451874910,10209,179739
41,Glen Pethybridge,1733822299,13833,62202
42,Giffy Petrosian,8925237548,15448,140478
43,Orbadiah Croxton,7321596835,13919,141029
44,Padriac Ownsworth,2612395229,13799,136774
45,Padgett Sutherden,8968941527,17636,104881
46,Magdalena Dampier,4294130086,10909,73006
47,Ramonda Labrenz,3011844959,19658,152096
48,Clo Ledington,6497027383,16914,76429
49,Dominik Aspel,8961568377,14198,94475
50,Cirilo McNea,1974665517,13341,67556
